Category__c,Department__c,Description__c,Id,Name
Safety,Service,NEW HIRE-SER,a2hDD000003OBs0YAG,99365
Safety,Service,G2S LOCKOUT&MANL RESCUE OP-SER,a2hDD000003OBs1YAG,99366
Safety,Service,FORKLIFT-SER,a2hDD000003OBs2YAG,99367
Safety,Service,SCAFFOLDING-SER,a2hDD000003OBs3YAG,99368
Safety,Service,RESPIRATOR TRAINING-SER,a2hDD000003OBs4YAG,99369
Safety,Service,APR-CONFINED SPACE-SER,a2hDD000003OBs5YAG,99370
Safety,Service,WK24 SZ/ARC FLASH-SER,a2hDD000003OBs6YAG,99371
Safety,Service,WASTE COORD./MANIFESTS-SER,a2hDD000003OBs7YAG,99372
Safety,Service,HOISTING & RIGGING CERTIF.-SER,a2hDD000003OBs8YAG,99373
Safety,Service,CRANE SIGNALING CERTIF.-SER,a2hDD000003OBs9YAG,99374
Safety,Service,OSHA 10-HOUR CONST.-SER,a2hDD000003OBsAYAW,99375
Safety,Service,OSHA 30-HOUR CONST.-SER,a2hDD000003OBsBYAW,99376
Safety,Service,WK10 SZ/POWER MATE-SER,a2hDD000003OBsCYAW,99377
Safety,Service,FIRST AID/CPR CERTIF.-SER,a2hDD000003OBsDYAW,99378
Safety,Service,DOT MED COMP & PASSED-SER,a2hDD000003OBsEYAW,99379
Safety,Service,RESP - FIT & MED CLEARED-SER,a2hDD000003OBsFYAW,99380
Safety,Service,ROPE GRIPPER CORRECTIVE-SER,a2hDD000003OBsGYAW,99381
Safety,Service,LOOK OUT FOR BIAS-SER,a2hDD000003OBsHYAW,99382
Safety,Service,RETRAIN FALL PROTECTION-SER,a2hDD000003OBsIYAW,99390
Safety,Service,RETRAIN CAR TOP ACCESS-SER,a2hDD000003OBsJYAW,99391
Safety,Service,RETRAIN PIT ACCESS-SER,a2hDD000003OBsKYAW,99392
Safety,Service,RETRAIN ELECTRICAL-SER,a2hDD000003OBsLYAW,99393
Safety,Service,RETRAIN MECHANICAL-SER,a2hDD000003OBsMYAW,99394
Safety,Service,RETRAIN HOIST & RIGGING-SER,a2hDD000003OBsNYAW,99395
Safety,Service,RETRAIN SCAFFOLDING-SER,a2hDD000003OBsOYAW,99396
Safety,Service,RETRAIN FALSE CARS/RUN PTFM-SER,a2hDD000003OBsPYAW,99397
Safety,Service,RETRAIN JUMPERS-SER,a2hDD000003OBsQYAW,99398
Safety,Service,RETRAIN ALL FPA TOPICS-SER,a2hDD000003OBsRYAW,99399
Technical Training,Service,SERV LVM-LRV,a2hDD000003OBsSYAW,99400
Technical Training,Service,SERV GCS,a2hDD000003OBsTYAW,99401
Technical Training,Service,SERV GEN2,a2hDD000003OBsUYAW,99402
,NE,NE LVM PRODUCT,a2hDD000003OBtGYAW,99475
,NE,NE HYDROFIT PRODUCT,a2hDD000003OBtHYAW,99476
,NE,NE ESCAL INSTAL PROC,a2hDD000003OBtIYAW,99477
,NE,NE ESCAL ADJ & INSP,a2hDD000003OBtJYAW,99478
,NE,NE GEN2 FLS CAR INSTAL,a2hDD000003OBtKYAW,99479
,NE,NE GEN2 FIT METH INSTAL,a2hDD000003OBtLYAW,99480
,NE,NE GEN2 ADJ & INSP,a2hDD000003OBtMYAW,99481
,NE,NE SKYRISE INSTALL TRAINING,a2hDD000003OBtNYAW,99482
,NE,NE HVS FIT METH INSTAL,a2hDD000003OBtOYAW,99483
,NE,NE HVS ADJ & INSP,a2hDD000003OBtPYAW,99484
,NE,NE REM-EMS,a2hDD000003OBtQYAW,99485
,NE,NE G2S INSTALL PROC,a2hDD000003OBtRYAW,99486
,NE,NE PDA,a2hDD000003OBtSYAW,99487
,NE,NE SIP TRNG,a2hDD000003OBtTYAW,99488
,NE,SAFETY TECHINCAL TOPIC 1 - NE,a2hDD000003OBtUYAW,99489
,NE,SAFETY TECHNICAL TOPIC 2 - NE,a2hDD000003OBtVYAW,99490
,NE,NE TOOLS,a2hDD000003OBtWYAW,99491
,NE,SAFETY TECHNICAL TOPIC 3 - NE,a2hDD000003OBtXYAW,99492
,NE,NE G2L INSTALL PROC,a2hDD000003OBtYYAW,99493
,NE,NE FPC TRAINING,a2hDD000003OBtZYAW,99494
Ethics Training,Service,SER ETHICS 1QT - COMPANY ASSETS,a2hDD000003OBtaYAG,99500
Ethics Training,Service,SER ETHICS 2QT - TBD,a2hDD000003OBtbYAG,99501
Ethics Training,Service,SER ETHICS 3QT - TBD,a2hDD000003OBtcYAG,99502
Ethics Training,Service,SER ETHICS 4QT - TBD,a2hDD000003OBtdYAG,99503
Ethics Training,Service,SER MOBILE COMPLIANCE ETHICS,a2hDD000003OBteYAG,99504
Ethics Training,Service,SER MOBILE APPS ETHICS,a2hDD000003OBtfYAG,99505
Ethics Training,Service,SER SUPER ETHICS TALK 2021,a2hDD000003OBtgYAG,99506
Ethics Training,Service,SER PAUSE FOR OUR VALUES,a2hDD000003OBthYAG,99507
Ethics Training,Service,SER CONSTR INCLUSION 2022,a2hDD000003OBtiYAG,99508
Ethics Training,Service,SER LIVING OUR ABSOLUTES ETHIC,a2hDD000003OBtjYAG,99509
Technical Training,Service,SERV MACHINES,a2hDD000003OBsrYAG,99425
Technical Training,Service,SERV MOTORS-GENS,a2hDD000003OBssYAG,99426
Technical Training,Service,SERV GOV. & SAFETIES,a2hDD000003OBstYAG,99427
Technical Training,Service,SERV ROPES,a2hDD000003OBsuYAG,99428
Technical Training,Service,SAFETY TECHNICAL TOPIC 1 - SER,a2hDD000003OBsvYAG,99429
Technical Training,Service,SERV HSTWY DOORS,a2hDD000003OBswYAG,99430
Technical Training,Service,SERV PIST & CYL REPLACE SWP,a2hDD000003OBsxYAG,99431
Technical Training,Service,SERV HYDRAULICS,a2hDD000003OBsyYAG,99432
Technical Training,Service,SERV ELEC. TRNG,a2hDD000003OBszYAG,99433
Technical Training,Service,SERV MECH. TRNG,a2hDD000003OBt0YAG,99434
Technical Training,Service,EMERGENCY EVACUATION TOOL - ALL,a2hDD000003OBt1YAG,99435
Technical Training,Service,SERV REPAIR SWPS,a2hDD000003OBt2YAG,99436
Technical Training,Service,SERV SERV EXCEL,a2hDD000003OBt3YAG,99437
Technical Training,Service,SERV LICS & CODES,a2hDD000003OBt4YAG,99438
Technical Training,Service,SERV PHONE & APPS,a2hDD000003OBt5YAG,99439
Technical Training,Service,SAFETY TECHNICAL TOPIC 2 - SER,a2hDD000003OBt6YAG,99440
Technical Training,Service,SAFETY TECHNICAL TOPIC 3 - SER,a2hDD000003OBt7YAG,99441
Technical Training,Service,SERV FPC TRAINING,a2hDD000003OBt8YAG,99442
Technical Training,Service,SERV PARTS APP,a2hDD000003OBt9YAG,99450
Technical Training,Service,SERV CLOSE OUT APP,a2hDD000003OBtAYAW,99451
Technical Training,Service,SERV SHIELD APP,a2hDD000003OBtBYAW,99452
Technical Training,Service,SERV DIAGNOSE APP,a2hDD000003OBtCYAW,99454
Technical Training,Service,SERV TUNE APP,a2hDD000003OBtDYAW,99455
Technical Training,Service,SERV SUPPORT APP,a2hDD000003OBtEYAW,99456
Technical Training,Service,SERV DIGITAL PROOF CONCEPT,a2hDD000003OBtFYAW,99457
Ethics Training,Service,SER ETHICS FUTURE USE#7,a2hDD000003OBtkYAG,99510
Ethics Training,Service,SER ETHICS FUTURE USE#8,a2hDD000003OBtlYAG,99511
Ethics Training,Service,SER ETHICS FUTURE USE#9,a2hDD000003OBtmYAG,99512
Ethics Training,Service,SER PROPRIETARY PROT TRNG 2022,a2hDD000003OBtnYAG,99513
Ethics Training,Service,SER FLD FOCUS FIRESD CHAT 2022,a2hDD000003OBtoYAG,99514
Ethics Training,Service,SER ETHICS FUTURE USE#12,a2hDD000003OBtpYAG,99515
Ethics Training,Service,SER ETHICS FUTURE USE#13,a2hDD000003OBtqYAG,99516
Ethics Training,Service,SER ETHICS FUTURE USE#14,a2hDD000003OBtrYAG,99517
Ethics Training,Service,SER ETHICS FUTURE USE#15,a2hDD000003OBtsYAG,99518
Ethics Training,Service,SER ETHICS FUTURE USE#16,a2hDD000003OBttYAG,99519
Ethics Training,Service,SER ETHICS FUTURE USE#17,a2hDD000003OBtuYAG,99520
Ethics Training,Service,SER ETHICS FUTURE USE#18,a2hDD000003OBtvYAG,99521
Ethics Training,Service,SER ETHICS FUTURE USE#19,a2hDD000003OBtwYAG,99522
Technical Training,Service,SERV MVS-HVS,a2hDD000003OBsVYAW,99403
Technical Training,Service,SERV E101-E401,a2hDD000003OBsWYAW,99404
Technical Training,Service,SERV RELAY LOGIC,a2hDD000003OBsXYAW,99405
Technical Training,Service,SERV SOLID STATE,a2hDD000003OBsYYAW,99406
Technical Training,Service,SERV REM-EMS,a2hDD000003OBsZYAW,99407
Technical Training,Service,SERV TKE SYS,a2hDD000003OBsaYAG,99408
Technical Training,Service,SERV TKE OWND SYS,a2hDD000003OBsbYAG,99409
Technical Training,Service,SERV SCHND SYS,a2hDD000003OBscYAG,99410
Technical Training,Service,SERV SCHND OWND SYS,a2hDD000003OBsdYAG,99411
Technical Training,Service,SERV KONE SYS,a2hDD000003OBseYAG,99412
Technical Training,Service,SERV KONE OWND SYS,a2hDD000003OBsfYAG,99413
Technical Training,Service,SERV Miscellaneous. SYS,a2hDD000003OBsgYAG,99414
Technical Training,Service,SERV SPARE 1 (DO NOT USE),a2hDD000003OBshYAG,99415
Technical Training,Service,SERV OTIS ESCALS,a2hDD000003OBsiYAG,99416
Technical Training,Service,SERV LG ESCALS,a2hDD000003OBsjYAG,99417
Technical Training,Service,SERV TKE ESCALS,a2hDD000003OBskYAG,99418
Technical Training,Service,SERV SCHND ESCALS,a2hDD000003OBslYAG,99419
Technical Training,Service,SERV KONE ESCALS,a2hDD000003OBsmYAG,99420
Technical Training,Service,SERV Miscellaneous. ESCALS,a2hDD000003OBsnYAG,99421
Technical Training,Service,SERV ESCAL SWP,a2hDD000003OBsoYAG,99422
Technical Training,Service,SERV RE-ROPING SWP,a2hDD000003OBspYAG,99423
Technical Training,Service,SERV SELECTORS,a2hDD000003OBsqYAG,99424
Safety,Service,WK14 SZ/ACCESS ALERT-SER,a2hDD000003OBrDYAW,99316
Safety,Service,WK20 SZ/LESN LERND/SPRAINS-SER,a2hDD000003OBrEYAW,99317
Safety,Service,WK35 SZ/FALL PROTECTION-SER,a2hDD000003OBrFYAW,99318
Safety,Service,WK09 SZ/MAN HANDLG OF MATL-SER,a2hDD000003OBrGYAW,99319
Safety,Service,WK31 SZ/HAZARD COMM STDS-SER,a2hDD000003OBrHYAW,99320
Safety,Service,WK34 SZ/NEAR MISS RPTING-SER,a2hDD000003OBrIYAW,99321
Safety,Service,WK08 SZ/LESN LERND/CAR TOP-SER,a2hDD000003OBrJYAW,99322
Safety,Service,WK07 SZ/WORKING IN THE PIT-SER,a2hDD000003OBrKYAW,99323
Safety,Service,WK30 SZ/STOR&DISP OF WASTE-SER,a2hDD000003OBrLYAW,99324
Safety,Service,WK25 SZ/ELEC SAFE WORK PRAC-SER,a2hDD000003OBrMYAW,99325
Safety,Service,WK27 SZ/MULTI-METER SAFETY-SER,a2hDD000003OBrNYAW,99326
Safety,Service,WK19 SZ/HEAT STRESS-SER,a2hDD000003OBrOYAW,99327
Safety,Service,WK37 SZ/MODERNIZATION-SER,a2hDD000003OBrPYAW,99328
Safety,Service,WK15 SZ/EMP REMEMBRANCE-SER,a2hDD000003OBrQYAW,99329
Safety,Service,WK39 SZ/OTIS SFTY/REPR TAB-SER,a2hDD000003OBrRYAW,99330
Safety,Service,WK36 SZ/HOISTING & RIGGING-SER,a2hDD000003OBrSYAW,99331
Safety,Service,WK49 SZ/GRINDER/LESN LERND-SER,a2hDD000003OBrTYAW,99332
Safety,Service,WK03 SZ/CUT RESIST PPE-SER,a2hDD000003OBrUYAW,99333
Safety,Service,WK17 SZ/VEH SAFETY/DIS DRVG-SER,a2hDD000003OBrVYAW,99334
Safety,Service,WK51 SZ/BELT CLEANING-SER,a2hDD000003OBrWYAW,99335
Safety,Service,WK40 SZ/FIRST-AID-SER,a2hDD000003OBrXYAW,99336
Safety,Service,WK41 SZ/REGULATORY RQMTS-SER,a2hDD000003OBrYYAW,99337
Safety,Service,WK29 SZ/WAREHOUSE INSP-SER,a2hDD000003OBrZYAW,99338
Safety,Service,WK42 SZ/LADDER SAFETY-SER,a2hDD000003OBraYAG,99339
Safety,Service,WK06 SZ/WORK IN THE HWAY-SER,a2hDD000003OBrbYAG,99340
Safety,Service,WK45 SZ/CAR TOP SAFETY-SER,a2hDD000003OBrcYAG,99341
Safety,Service,WK44 SZ/FALL PROT CAR TOP-SER,a2hDD000003OBrdYAG,99342
Safety,Service,WK18 SZ/FORKLIFTS-SER,a2hDD000003OBreYAG,99343
Safety,Service,WK04 SZ/RESPIRATORS-SER,a2hDD000003OBrfYAG,99344
Safety,Service,WK23 SZ/PREC AGST FIRE-SER,a2hDD000003OBrgYAG,99345
Safety,Service,WK22 SZ/LESN LERND/CRUSH-SER,a2hDD000003OBrhYAG,99346
Safety,Service,WK43 SZ/LAND&MACH/LESN LRND-SER,a2hDD000003OBriYAG,99347
Safety,Service,WK47 SZ/ESCL OR MVING WALK-SER,a2hDD000003OBrjYAG,99348
Safety,Service,WK16 SZ/DUMBWT & RES ELEV-SER,a2hDD000003OBrkYAG,99349
Safety,Service,WK46 SZ/RUNNING PLATF RUN-SER,a2hDD000003OBrlYAG,99350
Safety,Service,WK48 SZ/PORT ELEC/HAND TLS-SER,a2hDD000003OBrmYAG,99351
Safety,Service,JAN-PPE-TRAINING-SER,a2hDD000003OBrnYAG,99352
Safety,Service,MAR-JOB HAZD ASIS/HDSK COM-SER,a2hDD000003OBroYAG,99353
Safety,Service,"JUL-STRAINS,FRACT,LACER-SER",a2hDD000003OBrpYAG,99354
Safety,Service,FEB-FATALITY PREV. AREAS-SER,a2hDD000003OBrqYAG,99355
Safety,Service,JUN-ELEC SAFETY/ARC FLASH-SER,a2hDD000003OBrrYAG,99356
Safety,Service,SEP-INDUSTRIAL HYGYN-SER,a2hDD000003OBrsYAG,99357
Safety,Service,AUG-WASTE MGMT&HAZARD COM-SER,a2hDD000003OBrtYAG,99358
Safety,Service,MAR-MATERIAL HANDLING-SER,a2hDD000003OBruYAG,99359
Safety,Service,MAY-VEHICLE SAFETY-SER,a2hDD000003OBrvYAG,99360
Safety,Service,OCT-HOISTING & RIGGING-SER,a2hDD000003OBrwYAG,99361
Safety,Service,NOV-FIR AID & BLOOD PATH-SER,a2hDD000003OBrxYAG,99362
Safety,Service,DEC-POWER AND HAND TOOLS-SER,a2hDD000003OBryYAG,99363
Safety,Service,LOCAL INITIATIVES-SER,a2hDD000003OBrzYAG,99364
,NE,WK12 SZ/JOB HAZARD ANALYSIS-NE,a2hDD000003OBpUYAW,99202
,NE,WK11 SZ/LESN LERND/RAILS-NE,a2hDD000003OBpVYAW,99203
,NE,WK26 SZ/ELEC LOCKOUT/TAGOUT-NE,a2hDD000003OBpWYAW,99204
,NE,WK02 SZ/PERS PROT EQUIP-NE,a2hDD000003OBpXYAW,99205
,NE,WK33 SZ/DRUG TEST/SUBS ABS-NE,a2hDD000003OBpYYAW,99206
,NE,WK01 SZ/JUMPER SAFETY-NE,a2hDD000003OBpZYAW,99207
,NE,WK08 SZ/EMERG. EVAC PASSGR-NE,a2hDD000003OBpaYAG,99208
,NE,WK50 SZ/LESN LERND/ROTAT EQ-NE,a2hDD000003OBpbYAG,99209
,NE,WK21 SZ/BACK WELNESS-NE,a2hDD000003OBpcYAG,99210
,NE,WK38 SZ/OVERHEAD PROT-NE,a2hDD000003OBpdYAG,99211
,NE,WK12 SZ/LESN LERND/STOR ENER-NE,a2hDD000003OBpeYAG,99212
,NE,WK28 SZ/SPG 113-NE,a2hDD000003OBpfYAG,99213
,NE,WK13 SZ/PIT SAFETY-NE,a2hDD000003OBpgYAG,99214
,NE,WK32 SZ/INDUSTRIAL HYGIENE-NE,a2hDD000003OBphYAG,99215
,NE,WK14 SZ/ACCESS ALERT-NE,a2hDD000003OBpiYAG,99216
,NE,WK20 SZ/LESN LERND/SPRAINS-NE,a2hDD000003OBpjYAG,99217
,NE,WK35 SZ/FALL PROTECTION-NE,a2hDD000003OBpkYAG,99218
,NE,WK09 SZ/MAN HANDLG OF MATL-NE,a2hDD000003OBplYAG,99219
,NE,WK31 SZ/HAZARD COMM STDS-NE,a2hDD000003OBpmYAG,99220
,NE,WK34 SZ/NEAR MISS RPTING-NE,a2hDD000003OBpnYAG,99221
,NE,WK08 SZ/LESN LERND/CAR TOP-NE,a2hDD000003OBpoYAG,99222
,NE,WK07 SZ/WORKING IN THE PIT-NE,a2hDD000003OBppYAG,99223
,NE,WK30 SZ/STOR&DISP OF WASTE-NE,a2hDD000003OBpqYAG,99224
,NE,WK25 SZ/ELEC SAFE WORK PRAC-NE,a2hDD000003OBprYAG,99225
,NE,WK27 SZ/MULTI-METER SAFETY-NE,a2hDD000003OBpsYAG,99226
,NE,WK19 SZ/HEAT STRESS-NE,a2hDD000003OBptYAG,99227
,NE,WK37 SZ/MODERNIZATION-NE,a2hDD000003OBpuYAG,99228
,NE,WK15 SZ/EMP REMEMBRANCE-NE,a2hDD000003OBpvYAG,99229
,NE,WK39 SZ/OTIS SFTY/REPR TAB-NE,a2hDD000003OBpwYAG,99230
,NE,WK36 SZ/HOISTING & RIGGING-NE,a2hDD000003OBpxYAG,99231
,NE,WK49 SZ/GRINDER/LESN LERND-NE,a2hDD000003OBpyYAG,99232
,NE,WK03 SZ/CUT RESIST PPE-NE,a2hDD000003OBpzYAG,99233
,NE,WK17 SZ/VEH SAFETY/DIS DRVG-NE,a2hDD000003OBq0YAG,99234
,NE,WK51 SZ/BELT CLEANING-NE,a2hDD000003OBq1YAG,99235
,NE,WK40 SZ/FIRST-AID-NE,a2hDD000003OBq2YAG,99236
,NE,WK41 SZ/REGULATORY RQMTS-NE,a2hDD000003OBq3YAG,99237
,NE,WK29 SZ/WAREHOUSE INSP-NE,a2hDD000003OBq4YAG,99238
,NE,WK42 SZ/LADDER SAFETY-NE,a2hDD000003OBq5YAG,99239
,NE,WK06 SZ/WORK IN THE HWAY-NE,a2hDD000003OBq6YAG,99240
,NE,WK45 SZ/CAR TOP SAFETY-NE,a2hDD000003OBq7YAG,99241
,NE,WK44 SZ/FALL PROT CAR TOP-NE,a2hDD000003OBq8YAG,99242
,NE,WK18 SZ/FORKLIFTS-NE,a2hDD000003OBq9YAG,99243
,NE,WK04 SZ/RESPIRATORS-NE,a2hDD000003OBqAYAW,99244
,NE,WK23 SZ/PREC AGST FIRE-NE,a2hDD000003OBqBYAW,99245
,NE,WK22 SZ/LESN LERND/CRUSH-NE,a2hDD000003OBqCYAW,99246
,NE,WK43 SZ/LAND&MACH/LESN LRND-NE,a2hDD000003OBqDYAW,99247
,NE,WK47 SZ/ESCL OR MVING WALK-NE,a2hDD000003OBqEYAW,99248
,NE,WK16 SZ/DUMBWT & RES ELEV-NE,a2hDD000003OBqFYAW,99249
,NE,WK46 SZ/RUNNING PLATF RUN-NE,a2hDD000003OBqGYAW,99250
,NE,WK48 SZ/PORT ELEC/HAND TLS-NE,a2hDD000003OBqHYAW,99251
,NE,JAN-PPE-TRAINING-NE,a2hDD000003OBqIYAW,99252
,NE,MAR-JOB HAZD ASIS/HDSK COM-NE,a2hDD000003OBqJYAW,99253
,NE,"JUL-STRAINS,FRACT,LACER-NE",a2hDD000003OBqKYAW,99254
,NE,FEB-FATALITY PREV. AREAS-NE,a2hDD000003OBqLYAW,99255
,NE,JUN-ELEC SAFETY/ARC FLASH-NE,a2hDD000003OBqMYAW,99256
,NE,SEP-INDUSTRIAL HYGYN-NE,a2hDD000003OBqNYAW,99257
,NE,AUG-WASTE MGMT&HAZARD COM-NE,a2hDD000003OBqOYAW,99258
,NE,MAR-MATERIAL HANDLING-NE,a2hDD000003OBqPYAW,99259
,NE,MAY-VEHICLE SAFETY-NE,a2hDD000003OBqQYAW,99260
,NE,OCT-HOISTING & RIGGING-NE,a2hDD000003OBqRYAW,99261
,NE,NOV-FIR AID & BLOOD PATH-NE,a2hDD000003OBqSYAW,99262
,NE,DEC-POWER AND HAND TOOLS-NE,a2hDD000003OBqTYAW,99263
,NE,LOCAL INITIATIVES-NE,a2hDD000003OBqUYAW,99264
,NE,NEW HIRE-NE,a2hDD000003OBqVYAW,99265
,NE,G2S LOCKOUT&MANL RESCUE OP-NE,a2hDD000003OBqWYAW,99266
,NE,FORKLIFT-NE,a2hDD000003OBqXYAW,99267
,NE,SCAFFOLDING-NE,a2hDD000003OBqYYAW,99268
,NE,RESPIRATOR TRAINING-NE,a2hDD000003OBqZYAW,99269
,NE,APR-CONFINED SPACE-NE,a2hDD000003OBqaYAG,99270
,NE,WK24 SZ/ARC FLASH-NE,a2hDD000003OBqbYAG,99271
,NE,WASTE COORD./MANIFESTS-NE,a2hDD000003OBqcYAG,99272
,NE,HOISTING & RIGGING CERTIF.-NE,a2hDD000003OBqdYAG,99273
,NE,CRANE SIGNALING CERTIF.-NE,a2hDD000003OBqeYAG,99274
,NE,OSHA 10-HOUR CONST.-NE,a2hDD000003OBqfYAG,99275
,NE,OSHA 30-HOUR CONST.-NE,a2hDD000003OBqgYAG,99276
,NE,WK10 SZ/POWER MATE-NE,a2hDD000003OBqhYAG,99277
,NE,FIRST AID/CPR CERTIF.-NE,a2hDD000003OBqiYAG,99278
,NE,DOT MED COMP & PASSED-NE,a2hDD000003OBqjYAG,99279
,NE,RESP - FIT & MED CLEARED-NE,a2hDD000003OBqkYAG,99280
,NE,ROPE GRIPPER CORRECTIVE-NE,a2hDD000003OBqlYAG,99281
,NE,LOOK OUT FOR BIAS-NE,a2hDD000003OBqmYAG,99282
,NE,RETRAIN FALL PROTECTION-NE,a2hDD000003OBqnYAG,99290
,NE,RETRAIN CAR TOP ACCESS-NE,a2hDD000003OBqoYAG,99291
,NE,RETRAIN PIT ACCESS-NE,a2hDD000003OBqpYAG,99292
,NE,RETRAIN ELECTRICAL-NE,a2hDD000003OBqqYAG,99293
,NE,RETRAIN MECHANICAL-NE,a2hDD000003OBqrYAG,99294
,NE,RETRAIN HOIST & RIGGING-NE,a2hDD000003OBqsYAG,99295
,NE,RETRAIN SCAFFOLDING-NE,a2hDD000003OBqtYAG,99296
,NE,RETRAIN FALSE CARS/RUN PTFM-NE,a2hDD000003OBquYAG,99297
,NE,RETRAIN JUMPERS-NE,a2hDD000003OBqvYAG,99298
,NE,RETRAIN ALL FPA TOPICS-NE,a2hDD000003OBqwYAG,99299
Safety,Service,WK00 SZ/EHS VISION&VALUES-SER,a2hDD000003OBqxYAG,99300
Safety,Service,WK05 SZ/EMP RESP/CARD RULE-SER,a2hDD000003OBqyYAG,99301
Safety,Service,WK12 SZ/JOB HAZARD ANALYSIS-SER,a2hDD000003OBqzYAG,99302
Safety,Service,WK11 SZ/LESN LERND/RAILS-SER,a2hDD000003OBr0YAG,99303
Safety,Service,WK26 SZ/ELEC LOCKOUT/TAGOUT-SER,a2hDD000003OBr1YAG,99304
Safety,Service,WK02 SZ/PERS PROT EQUIP-SER,a2hDD000003OBr2YAG,99305
Safety,Service,WK33 SZ/DRUG TEST/SUBS ABS-SER,a2hDD000003OBr3YAG,99306
Safety,Service,WK01 SZ/JUMPER SAFETY-SER,a2hDD000003OBr4YAG,99307
Safety,Service,WK08 SZ/EMERG. EVAC PASSGR-SER,a2hDD000003OBr5YAG,99308
Safety,Service,WK50 SZ/LESN LERND/ROTAT EQ-SER,a2hDD000003OBr6YAG,99309
Safety,Service,WK21 SZ/BACK WELNESS-SER,a2hDD000003OBr7YAG,99310
Safety,Service,WK38 SZ/OVERHEAD PROT-SER,a2hDD000003OBr8YAG,99311
Safety,Service,WK12 SZ/LESN LERND/STOR ENER-SE,a2hDD000003OBr9YAG,99312
Safety,Service,WK28 SZ/SPG 113-SER,a2hDD000003OBrAYAW,99313
Safety,Service,WK13 SZ/PIT SAFETY-SER,a2hDD000003OBrBYAW,99314
Safety,Service,WK32 SZ/INDUSTRIAL HYGIENE-SER,a2hDD000003OBrCYAW,99315
Ethics Training,Service,SER ETHICS FUTURE USE#20,a2hDD000003OBtxYAG,99523
Ethics Training,Service,SER ETHICS FUTURE USE#21,a2hDD000003OBtyYAG,99524
,NE,NE ETHICS 1QT - COMPANY ASSETS,a2hDD000003OBtzYAG,99525
,NE,NE ETHICS 2QT - TBD,a2hDD000003OBu0YAG,99526
,NE,NE ETHICS 3QT - TBD,a2hDD000003OBu1YAG,99527
,NE,NE ETHICS 4QT - TBD,a2hDD000003OBu2YAG,99528
,NE,NE MOBILE COMPLIANCE ETHICS,a2hDD000003OBu3YAG,99529
,NE,NE MOBILE APPS ETHICS,a2hDD000003OBu4YAG,99530
,NE,NE SUPER ETHICS TALK 2021,a2hDD000003OBu5YAG,99531
,NE,NE PAUSE FOR OUR VALUES,a2hDD000003OBu6YAG,99532
,NE,NE CONSTR INCLUSION 2022,a2hDD000003OBu7YAG,99533
,NE,NE LIVING OUR ABSOLUTES ETHIC,a2hDD000003OBu8YAG,99534
,NE,NE ETHICS FUTURE USE #7,a2hDD000003OBu9YAG,99535
,NE,NE ETHICS FUTURE USE #8,a2hDD000003OBuAYAW,99536
,NE,NE ETHICS FUTURE USE #9,a2hDD000003OBuBYAW,99537
,NE,NE PROPRIETARY PROT TRNG 2022,a2hDD000003OBuCYAW,99538
,NE,NE FLD FOCUS FIRESD CHAT 2022,a2hDD000003OBuDYAW,99539
,NE,NE ETHICS FUTURE USE #12,a2hDD000003OBuEYAW,99540
,NE,NE ETHICS FUTURE USE #13,a2hDD000003OBuFYAW,99541
,NE,NE ETHICS FUTURE USE #14,a2hDD000003OBuGYAW,99542
,NE,NE ETHICS FUTURE USE #15,a2hDD000003OBuHYAW,99543
,NE,NE ETHICS FUTURE USE #16,a2hDD000003OBuIYAW,99544
,NE,NE ETHICS FUTURE USE #17,a2hDD000003OBuJYAW,99545
,NE,NE ETHICS FUTURE USE #18,a2hDD000003OBuKYAW,99546
,NE,NE ETHICS FUTURE USE #19,a2hDD000003OBuLYAW,99547
,NE,NE ETHICS FUTURE USE #20,a2hDD000003OBuMYAW,99548
,NE,NE ETHICS FUTURE USE #21,a2hDD000003OBuNYAW,99549
Misc,Service,AWARDS- USED BY PAYROLL,a2hDD000003OBnzYAG,99001
Misc,Service,PULSE TOOL EXPENSE,a2hDD000003OBo0YAG,99002
Vacation,Service,PTO HRS TAKEN W/PAY IF ELIG,a2hDD000003OBo1YAG,99003
,NE,HOLIDAY PAY-NE,a2hDD000003OBo2YAG,99005
Vacation,Service,HOLIDAY PAY-SERVICE,a2hDD000003OBo3YAG,99005A
Vacation,Service,VACATION PAY,a2hDD000003OBo4YAG,99006
Misc,NE,TRUCKING CHARGES,a2hDD000003OBo5YAG,99009
Misc,Service,L1 NY REQ PSL-SER,a2hDD000003OBo6YAG,99011
,NE,L1 NY REQ PSL-NE,a2hDD000003OBo7YAG,99012
,NE,ENGAGEMENT SURVEY-NE,a2hDD000003OBo8YAG,99013
Misc,Service,ENGAGEMENT SURVEY-SER,a2hDD000003OBo9YAG,99014
Misc,service,VERIFY ENG DEFECT,a2hDD000003OBoAYAW,99016
Misc,Service,FIELD VALIDATION SUPPORT,a2hDD000003OBoBYAW,99017
Quality,Service,QUALITY FIELD VALIDATION,a2hDD000003OBoCYAW,99018
,NE,HR TRAINING - NE,a2hDD000003OBoDYAW,99019
Misc,Service,HR TRAINING - SER,a2hDD000003OBoEYAW,99020
Misc,Service,US ST-MUNIC REQ PSL-SER,a2hDD000003OBoFYAW,99021
,NE,US ST-MUNIC REQ PSL-NE,a2hDD000003OBoGYAW,99022
Quality,Service,PRODUCT UPGRADE (PUI),a2hDD000003OBoHYAW,99030
Quality,Service,RES DOOR GAP WORK,a2hDD000003OBoIYAW,99031
Quality,Service,OSC FIELD TESTING,a2hDD000003OBoJYAW,99032
,NE,FLO NEB,a2hDD000003OBoKYAW,99048
Quality,Service,G2S PERFORMANCE SURVEY,a2hDD000003OBoLYAW,99049
,NE,TEMP CONST SUPT,a2hDD000003OBoMYAW,99051
Misc,Service,TEMP SERV SUPT,a2hDD000003OBoNYAW,99052
Misc,Service,LEGAL EXPENSE,a2hDD000003OBoOYAW,99054
Misc,Service,US OFFICES,a2hDD000003OBoPYAW,99056
Misc,Service,RETRO PAY SALES,a2hDD000003OBoQYAW,99057
Misc,Service,LOCAL REP,a2hDD000003OBoRYAW,99065
Misc,Service,LOCAL REP,a2hDD000003OBoSYAW,99065D
Misc,Service,LOCAL REP,a2hDD000003OBoTYAW,99065F
Misc,Service,MiscellaneousELLANEOUS-SERVICE,a2hDD000003OBoUYAW,99070
Misc,Service,VANCOUVER GOVT TESTING,a2hDD000003OBoVYAW,99100
,NE,TEMP EMPL - NE,a2hDD000003OBoWYAW,99101
Misc,Service,TEMP EMPL - SERV,a2hDD000003OBoXYAW,99102
Misc,Service,WALKING FOREMAN,a2hDD000003OBoYYAW,99104
Misc,Service,SERVICE SUPERVISORS-NAES,a2hDD000003OBoZYAW,99105
,NE,EDUC. TIME OFF-NE,a2hDD000003OBoaYAG,99106
Misc,Service,EDUC. TIME OFF-SERVICE,a2hDD000003OBobYAG,99107
Misc,Service,ALL SAFE PILOT,a2hDD000003OBocYAG,99108
Misc,Service,WWE SERVICE SYSTEM PROJECT,a2hDD000003OBodYAG,99109
,NE,ETHICS TRAINING-NE,a2hDD000003OBoeYAG,99110
Quality,Service,ETHICS TRAINING-SERVICE,a2hDD000003OBofYAG,99111
,NE,QUALITY TRAINING-NE,a2hDD000003OBogYAG,99112
Quality,Service,QUALITY TRAINING-SERVICE,a2hDD000003OBohYAG,99113
Misc,Service,DISASTER RECOVERY,a2hDD000003OBoiYAG,99115
Misc,Service,Miscellaneous CORRECTIVE INSTRUCTIONS,a2hDD000003OBojYAG,99116
Misc,Service,WAREHOUSE TEMPORARY HELP,a2hDD000003OBokYAG,99119
Misc,Service,STANDBY-CANADA,a2hDD000003OBolYAG,99120
Misc,Service,STANDBY-ALLIANCE,a2hDD000003OBomYAG,99121
Safety,Service,CUSTR SERV STAND DOWN TRAINING,a2hDD000003OBonYAG,99122
Safety,NE,CUSTR N/E  STAND DOWN TRAINING,a2hDD000003OBooYAG,99123
Misc,Service,CANADA-BEREAVEMENT LEAVE PAY,a2hDD000003OBopYAG,99125
,NE,COVID VACCINTN - NE,a2hDD000003OBoqYAG,99128
Misc,Service,COVID VACCINTN - SER,a2hDD000003OBorYAG,99129
,NE,HAZARDOUS WASTE-NE,a2hDD000003OBosYAG,99130
Safety,Service,HAZARDOUS WASTE-SERVICE,a2hDD000003OBotYAG,99131
,NE,COVID PAID LEAVE-NE,a2hDD000003OBouYAG,99132
Misc,Service,COVID PAID LEAVE-SER,a2hDD000003OBovYAG,99133
Misc,Service,ALLIANCE MEDICAL-DAY,a2hDD000003OBowYAG,99135
Misc,Service,BLOOMINGTON,a2hDD000003OBoxYAG,99136
Misc,Service,TPR/LOCAL-3 SICK PAY,a2hDD000003OBoyYAG,99137
Misc,Service,PUERTO RICO-ACCIDENT PAY,a2hDD000003OBozYAG,99138
Misc,Service,TPR/LOCAL-3 BEREAVEMENT,a2hDD000003OBp0YAG,99139
Misc,Service,PUERTO RICO-CHRISTMAS BONUS,a2hDD000003OBp1YAG,99140
,NE,RESTRICTED DUTY - NE,a2hDD000003OBp2YAG,99143
Misc,Service,RESTRICTED DUTY - SERVICE,a2hDD000003OBp3YAG,99144
Vacation,Service,VAC/PTO -HOURS TAKEN,a2hDD000003OBp4YAG,99145
,NE,COMMON DECENCY NE,a2hDD000003OBp5YAG,99150
Misc,Service,COMMON DECENCY SER,a2hDD000003OBp6YAG,99151
,NE,GOVT REQ HARASS TRNG NE,a2hDD000003OBp7YAG,99152
Misc,Service,GOVT REQ HARASS TRNG SER,a2hDD000003OBp8YAG,99153
Quality,Service,OTIS ONE FIELD TRIAL-PILOT,a2hDD000003OBp9YAG,99160
Quality,Service,OM REM COST,a2hDD000003OBpAYAW,99166
Safety,Service,SAFETY UPGRADES MAINTENANCE,a2hDD000003OBpBYAW,99167
Quality,Service,CANADA ADJUSTING PILOT,a2hDD000003OBpCYAW,99168
Safety,Service,SAFETY INITIATIVES,a2hDD000003OBpDYAW,99174
Safety,Service,MACHINE GUARD INITIATIVES,a2hDD000003OBpEYAW,99175
Misc,Service,INTERCO. TUCSON-NOGALES,a2hDD000003OBpFYAW,99176
Misc,Service,AMERICAN CRUISE LINE,a2hDD000003OBpGYAW,99177
Misc,Service,GNY TRAVEL TO HOME     COST,a2hDD000003OBpHYAW,99178
,NE,JURY DUTY EXP-NE   COST,a2hDD000003OBpIYAW,99186
Misc,Service,JURY DUTY EXP-SERV COST,a2hDD000003OBpJYAW,99187
Misc,Service,BUSINESS PRACTIVES-SERVICE,a2hDD000003OBpKYAW,99188
,NE,BUSINESS PRACTICES-NE,a2hDD000003OBpLYAW,99189
Misc,Service,BLM-INTERCO-CONST/FIELD SUPPORT,a2hDD000003OBpMYAW,99190
Misc,Service,ALLIANCE-PERSONAL DAY,a2hDD000003OBpNYAW,99191
Safety,Service,HV GUARDING,a2hDD000003OBpOYAW,99192
Misc,Service,MMR GRIEVANCE PAYMENT,a2hDD000003OBpPYAW,99193
Safety,Service,MANDATORY EH&S RETROFIT,a2hDD000003OBpQYAW,99195
,NE,GEN3CORE AUTMD TEST VALIDTN-NE,a2hDD000003OBpRYAW,99196
,NE,WK00 SZ/EHS VISION&VALUES-NE,a2hDD000003OBpSYAW,99200
,NE,WK05 SZ/EMP RESP/CARD RULE-NE,a2hDD000003OBpTYAW,99201
